"term","Df","SumOfSqs","R2","F","Pr(>F)"
"Model",3,1.8675290529696,0.977837843836614,294.146422886434,0.001
"Residual",20,0.0423265174000462,0.0221621561633867,NA,NA
"Total",23,1.90985557036965,1,NA,NA
