"Estimate","Std.Error","t.value","p.value","Term","Response","R2","R2_adj","model_p"
-7.80651343096729,0.89028963356834,-8.76850986086209,2.74698232541771e-08,"(Intercept)","Sb_III",0.97603470251224,0.972439907889076,2.28698201116103e-16
42.4229822568258,7.10492754830079,5.9709239775389,7.72142649995303e-06,"dsrAB","Sb_III",0.97603470251224,0.972439907889076,2.28698201116103e-16
42.2761212410483,4.23891412127181,9.97333751795003,3.30899409150765e-09,"soxBCD","Sb_III",0.97603470251224,0.972439907889076,2.28698201116103e-16
39.1288554971486,12.8321347921968,3.04928650850385,0.00633152934905239,"sat","Sb_III",0.97603470251224,0.972439907889076,2.28698201116103e-16
-18.9047933404868,2.59567428788544,-7.28319166573381,4.81614408982189e-07,"(Intercept)","Sb_V",0.966620328304203,0.961613377549833,6.25671949620648e-15
115.37991040196,20.7146944758822,5.56995472640424,1.88184259493593e-05,"dsrAB","Sb_V",0.966620328304203,0.961613377549833,6.25671949620648e-15
94.4610446154931,12.3587201044222,7.64327080938527,2.34126469089002e-07,"soxBCD","Sb_V",0.966620328304203,0.961613377549833,6.25671949620648e-15
97.185393436592,37.4125914566528,2.59766537555126,0.0172136397829824,"sat","Sb_V",0.966620328304203,0.961613377549833,6.25671949620648e-15
