"baseMean","log2FoldChange","lfcSE","stat","pvalue","padj","ko_id","change"
673.150947422481,-1.64727290009055,0.0643818779579017,-25.5859715860988,2.18567576921084e-144,1.96710819228975e-143,"K01190","Down"
929.22409678392,-1.75050834344434,0.0703818166275199,-24.8715993323747,1.51016357823242e-136,6.79573610204589e-136,"K10944","Down"
679.611253247748,1.15093522006632,0.0802630208627858,14.3395452562633,1.23864396111636e-46,3.71593188334907e-46,"K11180","Up"
893.829008349033,0.957202364978683,0.0704429831845429,13.5883280591774,4.69687415235667e-42,1.05679668428025e-41,"K17218","Up"
531.31018671022,-0.66713926312586,0.0708176891814593,-9.42051725828584,4.48871231462357e-21,8.07968216632244e-21,"K02111","Down"
375.730818140778,-0.661472432450976,0.0787292939799121,-8.40185906683924,4.39465073242266e-17,6.59197609863399e-17,"K00370","Down"
726.705349685476,0.30307586093013,0.0610683900332465,4.96289259902105,6.94509908870072e-07,8.92941311404379e-07,"K00958","Stable"
710.594016818307,0.173402079167941,0.0673843383218538,2.57332910712435,0.010072537643561,0.0113316048490061,"K02003","Stable"
610.494283095754,0.136672742464383,0.0663189694255695,2.06083935935965,0.0393183681195334,0.0393183681195334,"K07636","Stable"
