"ID","Description","GeneRatio","BgRatio","RichFactor","FoldEnrichment","zScore","pvalue","p.adjust","qvalue","geneID","Count"
"ko01100 Metabolic pathways","ko01100 Metabolic pathways","5/6","6/9",0.833333333333333,1.25,1.4142135623731,0.226190476190476,0.928571428571428,0.928571428571428,"K01190/K11180/K17218/K02111/K00370",5
"ko00910 Nitrogen metabolism","ko00910 Nitrogen metabolism","2/6","2/9",1,1.5,1.0690449676497,0.416666666666667,0.928571428571428,0.928571428571428,"K10944/K00370",2
"ko00190 Oxidative phosphorylation","ko00190 Oxidative phosphorylation","1/6","1/9",1,1.5,0.707106781186548,0.666666666666667,0.928571428571428,0.928571428571428,"K02111",1
"ko00920 Sulfur metabolism","ko00920 Sulfur metabolism","2/6","3/9",0.666666666666667,1,0,0.773809523809524,0.928571428571428,0.928571428571428,"K11180/K17218",2
"ko01200 Carbon metabolism","ko01200 Carbon metabolism","2/6","3/9",0.666666666666667,1,0,0.773809523809524,0.928571428571428,0.928571428571428,"K01190/K11180",2
"ko01120 Microbial metabolism in diverse environments","ko01120 Microbial metabolism in diverse environments","4/6","7/9",0.571428571428571,0.857142857142857,-1.0690449676497,1,1,1,"K01190/K11180/K17218/K02111",4
