"Type","R2","Block_Communality","Mean_Redundancy","AVE"
"Exogenous",0,0.956891794862707,0,0.956891794862707
"Endogenous",0.78863476391107,0.823207223315913,0.649209834209632,0.823207223315913
"Endogenous",0.954783935718228,0.988694297406654,0.943989432500094,0.988694297406654
"Endogenous",0.984598457751399,0.9584266868527,0.943665437742951,0.9584266868527
"Endogenous",0.66799137341466,0.817734217062859,0.546239402743981,0.817734217062859
