"target_latent_variable","Environment","Nutrient","Sb_As","Function","Alpha"
"Environment",0,0,0,0,0
"Nutrient",0.888051104335257,0,0,0,0
"Sb_As",-0.504112441466599,-0.501569367460271,0,0,0
"Function",-0.217555788484791,0.0597400459519735,0.839699088908506,0,0
"Alpha",-0.444018262572676,1.22736059267686,-2.49252331857834,2.81299848868257,0
